brand,category,model,expected_file
Kenstar,Air coolers,Kenstar BLDC Cooler,photos/kenstar/kenstar-bldc-cooler.jpg
Kenstar,Air coolers,Kenstar Desert Cooler,photos/kenstar/kenstar-desert-cooler.jpg
Kenstar,Air coolers,Kenstar Personal Cooler,photos/kenstar/kenstar-personal-cooler.jpg
Kenstar,Air coolers,Kenstar Personal Desert Cooler,photos/kenstar/kenstar-personal-desert-cooler.jpg
Kenstar,Air fryers,Crysta Neo 5.8L,photos/kenstar/crysta-neo-5-8l.jpg
Kenstar,Air fryers,Opal Digi 4.5L,photos/kenstar/opal-digi-4-5l.jpg
Kenstar,Air fryers,Opal Neo 4.5L,photos/kenstar/opal-neo-4-5l.jpg
Kenstar,Blenders & choppers,Kenstar Hand Blender,photos/kenstar/kenstar-hand-blender.jpg
Kenstar,Blenders & choppers,Kenstar Personal Blender,photos/kenstar/kenstar-personal-blender.jpg
Kenstar,Cooking,Kenstar Rice Cooker,photos/kenstar/kenstar-rice-cooker.jpg
Kenstar,Cooktops,Kenstar Induction Cooktop,photos/kenstar/kenstar-induction-cooktop.jpg
Kenstar,Garment care,Kenstar Garment Steamer,photos/kenstar/kenstar-garment-steamer.jpg
Kenstar,Garment care,Matrix 2000W Steam Iron,photos/kenstar/matrix-2000w-steam-iron.jpg
Kenstar,Juicers,Kenstar Juicer,photos/kenstar/kenstar-juicer.jpg
Kenstar,Kettles & breakfast,Crisper Titanium,photos/kenstar/crisper-titanium.jpg
Kenstar,Kettles & breakfast,Crisper Toaster — Midnight Black,photos/kenstar/crisper-toaster-midnight-black.jpg
Kenstar,Kettles & breakfast,Crisper Toaster — Olive Green,photos/kenstar/crisper-toaster-olive-green.jpg
Kenstar,Kettles & breakfast,Crisper Toaster — Velvet Red,photos/kenstar/crisper-toaster-velvet-red.jpg
Kenstar,Kettles & breakfast,Kenstar Sandwich Maker,photos/kenstar/kenstar-sandwich-maker.jpg
Kenstar,Kettles & breakfast,Stylee 1.5L Electric Kettle,photos/kenstar/stylee-1-5l-electric-kettle.jpg
Kenstar,Kettles & breakfast,Stylee 1.8L Electric Kettle,photos/kenstar/stylee-1-8l-electric-kettle.jpg
Kenstar,Mixer grinders,Kenstar Mixer Grinder — 3 Jar,photos/kenstar/kenstar-mixer-grinder-3-jar.jpg
Kenstar,Mixer grinders,Kenstar Mixer Grinder — 4 Jar,photos/kenstar/kenstar-mixer-grinder-4-jar.jpg
Kenstar,Ovens & microwaves,Durachef OTG 10L,photos/kenstar/durachef-otg-10l.jpg
Kenstar,Ovens & microwaves,Durachef OTG 17L,photos/kenstar/durachef-otg-17l.jpg
Kenstar,Ovens & microwaves,Solo Microwave 20L,photos/kenstar/solo-microwave-20l.jpg
Kenstar,Room heaters,Kenstar Room Heater,photos/kenstar/kenstar-room-heater.jpg
Kenstar,Washing machines,Power Wash Semi-Automatic,photos/kenstar/power-wash-semi-automatic.jpg
Kenstar,Washing machines,Power Wash Top Load,photos/kenstar/power-wash-top-load.jpg
Kenstar,Water heaters,Aquaglass Water Heater,photos/kenstar/aquaglass-water-heater.jpg
Kenstar,Water heaters,Flux Water Heater,photos/kenstar/flux-water-heater.jpg
Kenstar,Water heaters,Hotstar Storage Water Heater,photos/kenstar/hotstar-storage-water-heater.jpg
Kenstar,Water heaters,Kenstar Immersion Rod,photos/kenstar/kenstar-immersion-rod.jpg
Kenstar,Water heaters,Maximus Instant Water Heater,photos/kenstar/maximus-instant-water-heater.jpg
Kenstar,Water heaters,Trigon Water Heater,photos/kenstar/trigon-water-heater.jpg
Kenstar,Wet grinders,Kenstar Wet Mixer Grinder,photos/kenstar/kenstar-wet-mixer-grinder.jpg
Magppie,Cookware,Aristo,photos/magppie/aristo.jpg
Magppie,Cookware,Blissful,photos/magppie/blissful.jpg
Magppie,Cookware,Daisy,photos/magppie/daisy.jpg
Magppie,Cookware,Desire,photos/magppie/desire.jpg
Magppie,Cookware,Heavy Gauge Kadhai,photos/magppie/heavy-gauge-kadhai.jpg
Magppie,Cookware,Heavy Gauge Tope Set,photos/magppie/heavy-gauge-tope-set.jpg
Magppie,Cookware,Impact Bonded Fry Pan,photos/magppie/impact-bonded-fry-pan.jpg
Magppie,Cookware,Impact Bonded Saucepan,photos/magppie/impact-bonded-saucepan.jpg
Magppie,Cookware,Inoxbarron Houseware Range,photos/magppie/inoxbarron-houseware-range.jpg
Magppie,Cookware,Milano,photos/magppie/milano.jpg
Magppie,Cookware,Stainless Steel Pressure Cooker,photos/magppie/stainless-steel-pressure-cooker.jpg
Magppie,Cookware,Triply Frypan,photos/magppie/triply-frypan.jpg
Magppie,Cookware,Triply Kadhai,photos/magppie/triply-kadhai.jpg
Magppie,Cookware,Triply Saucepan,photos/magppie/triply-saucepan.jpg
Magppie,Cookware,Triply Tope,photos/magppie/triply-tope.jpg
Magppie,Cookware,Vintage,photos/magppie/vintage.jpg
Maharaja Whiteline,Air coolers,Air Pro 60,photos/maharaja-whiteline/air-pro-60.jpg
Maharaja Whiteline,Air coolers,Air Pro 80,photos/maharaja-whiteline/air-pro-80.jpg
Maharaja Whiteline,Air coolers,Air Pro Maxx 115,photos/maharaja-whiteline/air-pro-maxx-115.jpg
Maharaja Whiteline,Air coolers,Air Pro Maxx 80,photos/maharaja-whiteline/air-pro-maxx-80.jpg
Maharaja Whiteline,Air coolers,Blizzard Deco 25,photos/maharaja-whiteline/blizzard-deco-25.jpg
Maharaja Whiteline,Air coolers,Blizzard Deco 25 Remote,photos/maharaja-whiteline/blizzard-deco-25-remote.jpg
Maharaja Whiteline,Air coolers,Blizzard Deco 55,photos/maharaja-whiteline/blizzard-deco-55.jpg
Maharaja Whiteline,Air coolers,Blizzard Deco 55 Remote,photos/maharaja-whiteline/blizzard-deco-55-remote.jpg
Maharaja Whiteline,Air coolers,Bravo Hybridcool 65,photos/maharaja-whiteline/bravo-hybridcool-65.jpg
Maharaja Whiteline,Air coolers,CoolEase 40,photos/maharaja-whiteline/coolease-40.jpg
Maharaja Whiteline,Air coolers,Frostair 25,photos/maharaja-whiteline/frostair-25.jpg
Maharaja Whiteline,Air coolers,Frostair 45,photos/maharaja-whiteline/frostair-45.jpg
Maharaja Whiteline,Air coolers,Glacio 55,photos/maharaja-whiteline/glacio-55.jpg
Maharaja Whiteline,Air coolers,Glacio Prime 65,photos/maharaja-whiteline/glacio-prime-65.jpg
Maharaja Whiteline,Air coolers,Hybridcool 55,photos/maharaja-whiteline/hybridcool-55.jpg
Maharaja Whiteline,Air coolers,Hybridcool 55 with Remote,photos/maharaja-whiteline/hybridcool-55-with-remote.jpg
Maharaja Whiteline,Air coolers,Hybridcool 65,photos/maharaja-whiteline/hybridcool-65.jpg
Maharaja Whiteline,Air coolers,Hybridcool 65 with Remote,photos/maharaja-whiteline/hybridcool-65-with-remote.jpg
Maharaja Whiteline,Air coolers,Maxberg 85 Desert,photos/maharaja-whiteline/maxberg-85-desert.jpg
Maharaja Whiteline,Air coolers,Maxfrost 90,photos/maharaja-whiteline/maxfrost-90.jpg
Maharaja Whiteline,Air coolers,Maxfrost Pro 100,photos/maharaja-whiteline/maxfrost-pro-100.jpg
Maharaja Whiteline,Air coolers,Prowave Super 65,photos/maharaja-whiteline/prowave-super-65.jpg
Maharaja Whiteline,Air coolers,Prowave Super 65 with Remote,photos/maharaja-whiteline/prowave-super-65-with-remote.jpg
Maharaja Whiteline,Air coolers,Rambo,photos/maharaja-whiteline/rambo.jpg
Maharaja Whiteline,Air coolers,Super Grand 70,photos/maharaja-whiteline/super-grand-70.jpg
Maharaja Whiteline,Air coolers,Super Grand 70 Plus,photos/maharaja-whiteline/super-grand-70-plus.jpg
Maharaja Whiteline,Air fryers,CrispyChef Pro Air Fryer,photos/maharaja-whiteline/crispychef-pro-air-fryer.jpg
Maharaja Whiteline,Blenders & choppers,Easyblend,photos/maharaja-whiteline/easyblend.jpg
Maharaja Whiteline,Blenders & choppers,Easyblend Neo 400W,photos/maharaja-whiteline/easyblend-neo-400w.jpg
Maharaja Whiteline,Blenders & choppers,Elitemixx,photos/maharaja-whiteline/elitemixx.jpg
Maharaja Whiteline,Blenders & choppers,Frisco Chopper,photos/maharaja-whiteline/frisco-chopper.jpg
Maharaja Whiteline,Blenders & choppers,Speedmix Pro,photos/maharaja-whiteline/speedmix-pro.jpg
Maharaja Whiteline,Blenders & choppers,Speedmix Super Plus,photos/maharaja-whiteline/speedmix-super-plus.jpg
Maharaja Whiteline,Cooking,Powercook Rice Cooker,photos/maharaja-whiteline/powercook-rice-cooker.jpg
Maharaja Whiteline,Cooktops,Aventus 3B,photos/maharaja-whiteline/aventus-3b.jpg
Maharaja Whiteline,Cooktops,Belenus Neo 2B,photos/maharaja-whiteline/belenus-neo-2b.jpg
Maharaja Whiteline,Cooktops,Belenus Neo 3B,photos/maharaja-whiteline/belenus-neo-3b.jpg
Maharaja Whiteline,Cooktops,Belenus Neo 4B,photos/maharaja-whiteline/belenus-neo-4b.jpg
Maharaja Whiteline,Cooktops,Marvello 13DX,photos/maharaja-whiteline/marvello-13dx.jpg
Maharaja Whiteline,Cooktops,Solana 2B,photos/maharaja-whiteline/solana-2b.jpg
Maharaja Whiteline,Cooktops,Solana 3B,photos/maharaja-whiteline/solana-3b.jpg
Maharaja Whiteline,Cooktops,Superion 12DX Neo,photos/maharaja-whiteline/superion-12dx-neo.jpg
Maharaja Whiteline,Cooktops,Superion 14DX,photos/maharaja-whiteline/superion-14dx.jpg
Maharaja Whiteline,Cooktops,Superion 18DX,photos/maharaja-whiteline/superion-18dx.jpg
Maharaja Whiteline,Cooktops,Superion 20ST,photos/maharaja-whiteline/superion-20st.jpg
Maharaja Whiteline,Garment care,Dry Iron Aerio 600W,photos/maharaja-whiteline/dry-iron-aerio-600w.jpg
Maharaja Whiteline,Garment care,Jazz Dry Iron,photos/maharaja-whiteline/jazz-dry-iron.jpg
Maharaja Whiteline,Garment care,Sleek,photos/maharaja-whiteline/sleek.jpg
Maharaja Whiteline,Garment care,Sleek DLX,photos/maharaja-whiteline/sleek-dlx.jpg
Maharaja Whiteline,Garment care,Trendy Plus,photos/maharaja-whiteline/trendy-plus.jpg
Maharaja Whiteline,Juicers,Infiny Mix Pro+,photos/maharaja-whiteline/infiny-mix-pro.jpg
Maharaja Whiteline,Juicers,Infiny Mix Smart,photos/maharaja-whiteline/infiny-mix-smart.jpg
Maharaja Whiteline,Juicers,Montero DLX,photos/maharaja-whiteline/montero-dlx.jpg
Maharaja Whiteline,Juicers,Montero Full Apple Juicer,photos/maharaja-whiteline/montero-full-apple-juicer.jpg
Maharaja Whiteline,Juicers,Odacio DLX 550W,photos/maharaja-whiteline/odacio-dlx-550w.jpg
Maharaja Whiteline,Juicers,Odacio Plus 550W,photos/maharaja-whiteline/odacio-plus-550w.jpg
Maharaja Whiteline,Juicers,Odacio Prime,photos/maharaja-whiteline/odacio-prime.jpg
Maharaja Whiteline,Juicers,Odacio Smart,photos/maharaja-whiteline/odacio-smart.jpg
Maharaja Whiteline,Juicers,Puremaxx,photos/maharaja-whiteline/puremaxx.jpg
Maharaja Whiteline,Juicers,Turbomix King Plus,photos/maharaja-whiteline/turbomix-king-plus.jpg
Maharaja Whiteline,Juicers,Turbomix Super Plus,photos/maharaja-whiteline/turbomix-super-plus.jpg
Maharaja Whiteline,Kettles & breakfast,Perfeito Plus,photos/maharaja-whiteline/perfeito-plus.jpg
Maharaja Whiteline,Kettles & breakfast,Viva Excel,photos/maharaja-whiteline/viva-excel.jpg
Maharaja Whiteline,Kettles & breakfast,Viva Plus,photos/maharaja-whiteline/viva-plus.jpg
Maharaja Whiteline,Kettles & breakfast,Viva Sandwich Maker,photos/maharaja-whiteline/viva-sandwich-maker.jpg
Maharaja Whiteline,Mixer grinders,Easy Twist,photos/maharaja-whiteline/easy-twist.jpg
Maharaja Whiteline,Mixer grinders,EliteBlade,photos/maharaja-whiteline/eliteblade.jpg
Maharaja Whiteline,Mixer grinders,Infinimax Elite,photos/maharaja-whiteline/infinimax-elite.jpg
Maharaja Whiteline,Mixer grinders,Infinimax HD,photos/maharaja-whiteline/infinimax-hd.jpg
Maharaja Whiteline,Mixer grinders,Infinimax Pro,photos/maharaja-whiteline/infinimax-pro.jpg
Maharaja Whiteline,Mixer grinders,Mixtron Classic,photos/maharaja-whiteline/mixtron-classic.jpg
Maharaja Whiteline,Mixer grinders,Mixtron DLX,photos/maharaja-whiteline/mixtron-dlx.jpg
Maharaja Whiteline,Mixer grinders,Mixtron Elite,photos/maharaja-whiteline/mixtron-elite.jpg
Maharaja Whiteline,Mixer grinders,Neo DLX,photos/maharaja-whiteline/neo-dlx.jpg
Maharaja Whiteline,Mixer grinders,Neo Prime,photos/maharaja-whiteline/neo-prime.jpg
Maharaja Whiteline,Mixer grinders,Neo Pro,photos/maharaja-whiteline/neo-pro.jpg
Maharaja Whiteline,Mixer grinders,Novello,photos/maharaja-whiteline/novello.jpg
Maharaja Whiteline,Mixer grinders,Novello Neo,photos/maharaja-whiteline/novello-neo.jpg
Maharaja Whiteline,Mixer grinders,Super Turbo Elite,photos/maharaja-whiteline/super-turbo-elite.jpg
Maharaja Whiteline,Mixer grinders,Super Turbo HD,photos/maharaja-whiteline/super-turbo-hd.jpg
Maharaja Whiteline,Mixer grinders,Turbo Prime DLX,photos/maharaja-whiteline/turbo-prime-dlx.jpg
Maharaja Whiteline,Mixer grinders,Turbo Prime Elite,photos/maharaja-whiteline/turbo-prime-elite.jpg
Maharaja Whiteline,Mixer grinders,Turbo Prime HD,photos/maharaja-whiteline/turbo-prime-hd.jpg
Maharaja Whiteline,Mixer grinders,Ultramax DLX,photos/maharaja-whiteline/ultramax-dlx.jpg
Maharaja Whiteline,Mixer grinders,Ultramax Elite,photos/maharaja-whiteline/ultramax-elite.jpg
Maharaja Whiteline,Mixer grinders,Ultramax HD,photos/maharaja-whiteline/ultramax-hd.jpg
Maharaja Whiteline,Mixer grinders,Ultramax Plus — Burgundy,photos/maharaja-whiteline/ultramax-plus-burgundy.jpg
Maharaja Whiteline,Mixer grinders,Xpress Blend,photos/maharaja-whiteline/xpress-blend.jpg
Maharaja Whiteline,Ovens & microwaves,Contigo 28L,photos/maharaja-whiteline/contigo-28l.jpg
Maharaja Whiteline,Ovens & microwaves,Contigo 35L,photos/maharaja-whiteline/contigo-35l.jpg
Maharaja Whiteline,Ovens & microwaves,Contigo 45L,photos/maharaja-whiteline/contigo-45l.jpg
Maharaja Whiteline,Room heaters,Flare 2000T Heat Convector,photos/maharaja-whiteline/flare-2000t-heat-convector.jpg
Maharaja Whiteline,Room heaters,Flare Evo,photos/maharaja-whiteline/flare-evo.jpg
Maharaja Whiteline,Room heaters,Lava Carbon,photos/maharaja-whiteline/lava-carbon.jpg
Maharaja Whiteline,Room heaters,Lava Carbon Neo,photos/maharaja-whiteline/lava-carbon-neo.jpg
Maharaja Whiteline,Room heaters,Lava Quartz,photos/maharaja-whiteline/lava-quartz.jpg
Maharaja Whiteline,Room heaters,Lume 800 Quartz Heater,photos/maharaja-whiteline/lume-800-quartz-heater.jpg
Maharaja Whiteline,Room heaters,Nano Carbon,photos/maharaja-whiteline/nano-carbon.jpg
Maharaja Whiteline,Room heaters,Nano Carbon Neo,photos/maharaja-whiteline/nano-carbon-neo.jpg
Maharaja Whiteline,Room heaters,Quato Quartz Heater,photos/maharaja-whiteline/quato-quartz-heater.jpg
Maharaja Whiteline,Room heaters,Warmist Neo 10,photos/maharaja-whiteline/warmist-neo-10.jpg
Maharaja Whiteline,Room heaters,Warmist Neo 15,photos/maharaja-whiteline/warmist-neo-15.jpg
Maharaja Whiteline,Room heaters,Warmist Neo 25,photos/maharaja-whiteline/warmist-neo-25.jpg
Maharaja Whiteline,Water heaters,Acqua Bliss,photos/maharaja-whiteline/acqua-bliss.jpg
Maharaja Whiteline,Water heaters,Acqua Superio,photos/maharaja-whiteline/acqua-superio.jpg
Maharaja Whiteline,Water heaters,Aquis Neo 10,photos/maharaja-whiteline/aquis-neo-10.jpg
Maharaja Whiteline,Water heaters,Aquis Neo 15,photos/maharaja-whiteline/aquis-neo-15.jpg
Maharaja Whiteline,Water heaters,Aquis Neo 25,photos/maharaja-whiteline/aquis-neo-25.jpg
Maharaja Whiteline,Water heaters,Cuatro 15,photos/maharaja-whiteline/cuatro-15.jpg
Maharaja Whiteline,Water heaters,Cuatro 25,photos/maharaja-whiteline/cuatro-25.jpg
Maharaja Whiteline,Water heaters,EZ Heat 3L,photos/maharaja-whiteline/ez-heat-3l.jpg
Maharaja Whiteline,Water heaters,Ednis 10,photos/maharaja-whiteline/ednis-10.jpg
Maharaja Whiteline,Water heaters,Ednis 15,photos/maharaja-whiteline/ednis-15.jpg
Maharaja Whiteline,Water heaters,Ednis 25,photos/maharaja-whiteline/ednis-25.jpg
Maharaja Whiteline,Water heaters,Fiesta Evo 3L,photos/maharaja-whiteline/fiesta-evo-3l.jpg
Maharaja Whiteline,Water heaters,Fiesta Instant 3L,photos/maharaja-whiteline/fiesta-instant-3l.jpg
Maharaja Whiteline,Wet grinders,Grindstone,photos/maharaja-whiteline/grindstone.jpg
Maharaja Whiteline,Wet grinders,Unigrind Pro,photos/maharaja-whiteline/unigrind-pro.jpg
